{
  "type_description_msg": {
    "type_description": {
      "type_name": "system_interfaces/msg/BBeam",
      "fields": [
        {
          "name": "good_putts",
          "type": {
            "type_id": 8,
            "capacity": 0,
            "string_capacity": 0,
            "nested_type_name": ""
          },
          "default_value": ""
        },
        {
          "name": "short_putts",
          "type": {
            "type_id": 8,
            "capacity": 0,
            "string_capacity": 0,
            "nested_type_name": ""
          },
          "default_value": ""
        },
        {
          "name": "long_putts",
          "type": {
            "type_id": 8,
            "capacity": 0,
            "string_capacity": 0,
            "nested_type_name": ""
          },
          "default_value": ""
        }
      ]
    },
    "referenced_type_descriptions": []
  },
  "type_hashes": [
    {
      "type_name": "system_interfaces/msg/BBeam",
      "hash_string": "RIHS01_f20f7e05ce4558e62221670a7fcd608ecb83424bdcdddf273b83078b5b6706ef"
    }
  ]
}