{
  "type_description_msg": {
    "type_description": {
      "type_name": "system_interfaces/msg/Display",
      "fields": [
        {
          "name": "num_balls",
          "type": {
            "type_id": 8,
            "capacity": 0,
            "string_capacity": 0,
            "nested_type_name": ""
          },
          "default_value": ""
        },
        {
          "name": "num_putts",
          "type": {
            "type_id": 8,
            "capacity": 0,
            "string_capacity": 0,
            "nested_type_name": ""
          },
          "default_value": ""
        }
      ]
    },
    "referenced_type_descriptions": []
  },
  "type_hashes": [
    {
      "type_name": "system_interfaces/msg/Display",
      "hash_string": "RIHS01_d5c3751629443775d15949d78888dee56bce54da635c033c6c773f5c7ca5a297"
    }
  ]
}